road_id;time;occupancy;vehicle_flow
18371006[D30b];2019-09-07T10:09:00.000+02:00;4.0166664;240
18371007[D40a];2019-09-07T10:09:00.000+02:00;8.75;240
18370006[D12a (KFZ12)];2019-09-07T10:09:00.000+02:00;1.5666667;120
18372008[D8 (KFZ5)];2019-09-07T10:09:00.000+02:00;0.0;0
18370004[D6 (KFZ6)];2019-09-07T10:09:00.000+02:00;62.866665;0
18370007[D12b (KFZ12)];2019-09-07T10:09:00.000+02:00;3.1333334;240
17402004[D4 (KFZ2)];2019-09-07T10:09:00.000+02:00;0.95;60
18384004[D20b (KFZ2)];2019-09-07T10:09:00.000+02:00;15.5;540
17407002[D2 (KFZ1)];2019-09-07T10:09:00.000+02:00;4.9833336;180
18384001[D10a (KFZ1)];2019-09-07T10:09:00.000+02:00;5.5;300
17387003[D3];2019-09-07T10:09:00.000+02:00;0.0;0
17382003[D3 (2)];2019-09-07T10:09:00.000+02:00;0.0;0
17387001[D1];2019-09-07T10:09:00.000+02:00;6.266667;180
18372004[D4 (KFZ3)];2019-09-07T10:09:00.000+02:00;49.8;180
15430004[D3];2019-09-07T10:09:00.000+02:00;2.2333333;0
18367008[D30a (KFZ3)];2019-09-07T10:09:00.000+02:00;0.0;0
15430007[D6];2019-09-07T10:09:00.000+02:00;1.8;60
18237006[D6];2019-09-07T10:09:00.000+02:00;1.05;60
18383001[D10a (KFZ1)];2019-09-07T10:09:00.000+02:00;2.1666667;180
17790002[D2 (KFZ2)];2019-09-07T10:09:00.000+02:00;33.86667;300
18303015[D15 (5)];2019-09-07T10:09:00.000+02:00;70.86667;300
18967003[D3];2019-09-07T10:09:00.000+02:00;14.666666;240
18890014[D8 (KFZ8)];2019-09-07T10:09:00.000+02:00;0.0;0
17398001[D1];2019-09-07T10:09:00.000+02:00;0.0;0
18864009[D4b (KFZ4)];2019-09-07T10:09:00.000+02:00;0.0;0
18864018[D44 (OV44)];2019-09-07T10:09:00.000+02:00;0.0;0
18384008[D3c (KFZ3)];2019-09-07T10:09:00.000+02:00;49.166668;0
17399008[D8];2019-09-07T10:09:00.000+02:00;0.0;0
18887019[D80b (KFZ8)];2019-09-07T10:09:00.000+02:00;0.55;60
18179008[D40a (Video)];2019-09-07T10:09:00.000+02:00;62.816666;300
17390005[D3a];2019-09-07T10:09:00.000+02:00;62.78333;120
17390004[D3];2019-09-07T10:09:00.000+02:00;64.11667;120
18828004[D4 (KFZ2)];2019-09-07T10:09:00.000+02:00;0.0;0
17404001[D1 (1)];2019-09-07T10:09:00.000+02:00;0.0;0
18369012[D8a (KFZ8)];2019-09-07T10:09:00.000+02:00;7.05;180
18436009[D4a];2019-09-07T10:09:00.000+02:00;90.433334;0
17388001[DET 1 (1)];2019-09-07T10:09:00.000+02:00;0.96666664;120
17451003[D3 (1)];2019-09-07T10:09:00.000+02:00;0.0;0
17390003[D2];2019-09-07T10:09:00.000+02:00;88.05;180
17387002[D2];2019-09-07T10:09:00.000+02:00;0.0;0
18367005[D3b (KFZ3)];2019-09-07T10:09:00.000+02:00;0.0;0
18890011[D7a (KFZ7)];2019-09-07T10:09:00.000+02:00;29.750002;300
18369010[D5 (KFZ5)];2019-09-07T10:09:00.000+02:00;17.616667;120
18864001[D10a (KFZ1)];2019-09-07T10:09:00.000+02:00;0.0;0
18367007[D3d (KFZ3)];2019-09-07T10:09:00.000+02:00;0.0;0
18864010[D5 (KFZ5)];2019-09-07T10:09:00.000+02:00;0.0;0
18372007[D7 (KFZ4)];2019-09-07T10:09:00.000+02:00;0.0;0
17451002[D2 (1)];2019-09-07T10:09:00.000+02:00;33.833332;0
17399005[D5];2019-09-07T10:09:00.000+02:00;31.216665;180
17451006[D6 (4)];2019-09-07T10:09:00.000+02:00;29.35;60
18890006[D20c (KFZ2)];2019-09-07T10:09:00.000+02:00;1.6333334;120
18371003[D20a];2019-09-07T10:09:00.000+02:00;7.766667;540
18179001[D10 (Video)];2019-09-07T10:09:00.000+02:00;4.2666664;180
18864004[D20b (KFZ2)];2019-09-07T10:09:00.000+02:00;0.0;0
17375031[D7];2019-09-07T10:09:00.000+02:00;0.0;0
18392001[D1 (KFZ1)];2019-09-07T10:09:00.000+02:00;51.033337;120
17388002[DET 2 (2)];2019-09-07T10:09:00.000+02:00;80.066666;0
18885007[D7 (KFZ5)];2019-09-07T10:09:00.000+02:00;4.3333335;300
17390002[D1a];2019-09-07T10:09:00.000+02:00;1.2333333;120
18457006[D6 (KFZ3)];2019-09-07T10:09:00.000+02:00;1.3666667;60
15436002[D2];2019-09-07T10:09:00.000+02:00;76.5;180
17451004[D4 (2)];2019-09-07T10:09:00.000+02:00;67.16667;120
17451005[D5 (4)];2019-09-07T10:09:00.000+02:00;69.55;60
17390006[D4];2019-09-07T10:09:00.000+02:00;18.083334;60
18384015[D7b (KFZ7)];2019-09-07T10:09:00.000+02:00;0.0;0
15433016[D24];2019-09-07T10:09:00.000+02:00;16.666668;540
15433017[D25];2019-09-07T10:09:00.000+02:00;18.85;480
18828002[D2 (KFZ1)];2019-09-07T10:09:00.000+02:00;0.0;0
18864002[D10b (KFZ1)];2019-09-07T10:09:00.000+02:00;0.0;0
18864011[D50 (KFZ5)];2019-09-07T10:09:00.000+02:00;0.0;0
17399004[D4];2019-09-07T10:09:00.000+02:00;1.4666666;120
17451001[D1 (1)];2019-09-07T10:09:00.000+02:00;0.0;0
17451007[D7 (5)];2019-09-07T10:09:00.000+02:00;28.0;60
18178006[D30a];2019-09-07T10:09:00.000+02:00;0.0;0
18888004[D4 (KFZ2)];2019-09-07T10:09:00.000+02:00;11.599999;720
18384017[D11a (KFZ11)];2019-09-07T10:09:00.000+02:00;0.0;0
18888002[D2 (KFZ1)];2019-09-07T10:09:00.000+02:00;2.2833333;120
18384003[D20a (KFZ2)];2019-09-07T10:09:00.000+02:00;3.1666665;240
18885009[D9 (KFZ3)];2019-09-07T10:09:00.000+02:00;1.65;120
18179006[D30a (Video)];2019-09-07T10:09:00.000+02:00;69.28333;120
18367009[D30b (KFZ3)];2019-09-07T10:09:00.000+02:00;0.0;0
18864012[D7 (KFZ7)];2019-09-07T10:09:00.000+02:00;0.0;0
18885008[D8 (KFZ5)];2019-09-07T10:09:00.000+02:00;9.966667;660
19110011[D20b (KFZ2)];2019-09-07T10:09:00.000+02:00;4.2166667;360
18361006[D4 (KFZ4)];2019-09-07T10:09:00.000+02:00;0.0;0
17377003[D3];2019-09-07T10:09:00.000+02:00;9.6;300
17790005[D5 (KFZ5)];2019-09-07T10:09:00.000+02:00;0.0;0
18299001[D1 (KFZ1)];2019-09-07T10:09:00.000+02:00;0.0;0
18178001[D1];2019-09-07T10:09:00.000+02:00;0.0;0
18178008[D40a (Video)];2019-09-07T10:09:00.000+02:00;0.0;0
18299006[D6 (KFZ2)];2019-09-07T10:09:00.000+02:00;7.0;600
18299005[D5 (KFZ2)];2019-09-07T10:09:00.000+02:00;7.0;480
17378005[D5];2019-09-07T10:09:00.000+02:00;0.0;0
18383003[D20a (KFZ2)];2019-09-07T10:09:00.000+02:00;6.8333335;420
18384002[D10b (KFZ1)];2019-09-07T10:09:00.000+02:00;4.3333335;360
18458001[D1 (KFZ1)];2019-09-07T10:09:00.000+02:00;0.0;0
17397004[D4];2019-09-07T10:09:00.000+02:00;0.0;0
18885011[D11 (KFZ6)];2019-09-07T10:09:00.000+02:00;0.55;60
18890008[D30b (KFZ3)];2019-09-07T10:09:00.000+02:00;34.68333;600
18350010[D10 (KFZ7)];2019-09-07T10:09:00.000+02:00;4.9333334;300
18299002[D2 (KFZ3)];2019-09-07T10:09:00.000+02:00;0.0;0
18299003[D3 (KFZ3)];2019-09-07T10:09:00.000+02:00;9.066667;540
18384010[D30b (KFZ3)];2019-09-07T10:09:00.000+02:00;2.1666667;120
17386021[gs21];2019-09-07T10:09:00.000+02:00;0.0;0
18372002[D2 (KFZ1)];2019-09-07T10:09:00.000+02:00;5.666667;240
18885010[D10 (KFZ3)];2019-09-07T10:09:00.000+02:00;1.8333333;120
19110010[D20a (KFZ2)];2019-09-07T10:09:00.000+02:00;5.4833336;480
18371004[D20b];2019-09-07T10:09:00.000+02:00;14.650001;540
18178007[D30b];2019-09-07T10:09:00.000+02:00;0.0;0
18304025[D25];2019-09-07T10:09:00.000+02:00;0.0;0
18458002[D2 (KFZ1)];2019-09-07T10:09:00.000+02:00;0.0;0
18302003[D3 (KFZ3)];2019-09-07T10:09:00.000+02:00;0.0;0
14029001[D10a (KFZ1)];2019-09-07T10:09:00.000+02:00;3.6666665;300
14029003[D10c (KFZ1)];2019-09-07T10:09:00.000+02:00;17.0;480
15433001[D1];2019-09-07T10:09:00.000+02:00;0.0;0
18304026[D19Schleif];2019-09-07T10:09:00.000+02:00;0.0;0
17402006[D6 (KFZ4)];2019-09-07T10:09:00.000+02:00;2.05;120
18178009[D40b (Video)];2019-09-07T10:09:00.000+02:00;0.0;0
17400006[D6];2019-09-07T10:09:00.000+02:00;0.0;0
18523003[D10c (KFZ1)];2019-09-07T10:09:00.000+02:00;15.000001;360
18885013[D13 (KFZ2)];2019-09-07T10:09:00.000+02:00;1.8166667;120
15436005[D5];2019-09-07T10:09:00.000+02:00;72.316666;180
15436004[D4];2019-09-07T10:09:00.000+02:00;76.75;300
18887013[D40 (KFZ4)];2019-09-07T10:09:00.000+02:00;3.6333334;240
14029007[D4b (KFZ4)];2019-09-07T10:09:00.000+02:00;0.0;0
18300005[D5 (KFZ3)];2019-09-07T10:09:00.000+02:00;6.8333335;120
14029004[D40a (KFZ4)];2019-09-07T10:09:00.000+02:00;0.0;0
14029006[D4a (KFZ4)];2019-09-07T10:09:00.000+02:00;1.5;60
14029010[D6 (KFZ6)];2019-09-07T10:09:00.000+02:00;54.833336;360
18889007[D5.3];2019-09-07T10:09:00.000+02:00;0.0;0
18885012[D12 (KFZ6)];2019-09-07T10:09:00.000+02:00;2.1833334;120
18304024[D24];2019-09-07T10:09:00.000+02:00;0.0;0
18523013[D5 (KFZ5)];2019-09-07T10:09:00.000+02:00;74.666664;0
18523001[D10a (KFZ1)];2019-09-07T10:09:00.000+02:00;6.0;360
18304015[D15];2019-09-07T10:09:00.000+02:00;0.0;0
18178002[D4 (Video)];2019-09-07T10:09:00.000+02:00;0.0;0
18368009[D7a (KFZ7)];2019-09-07T10:09:00.000+02:00;82.316666;300
18889006[D5.2];2019-09-07T10:09:00.000+02:00;0.0;0
18298008[D8];2019-09-07T10:09:00.000+02:00;0.0;0
18888005[D5 (KFZ2)];2019-09-07T10:09:00.000+02:00;7.75;540
18298009[D9];2019-09-07T10:09:00.000+02:00;0.0;0
18828003[D3 (KFZ2)];2019-09-07T10:09:00.000+02:00;0.0;0
18945001[D1 (KFZ1)];2019-09-07T10:09:00.000+02:00;1.25;120
18458003[D3 (KFZ2)];2019-09-07T10:09:00.000+02:00;1.7833333;120
18828006[D6 (KFZ4)];2019-09-07T10:09:00.000+02:00;0.0;0
18304027[D20Schleif];2019-09-07T10:09:00.000+02:00;0.0;0
18367003[D20 (KFZ2)];2019-09-07T10:09:00.000+02:00;0.0;0
18371005[D30a];2019-09-07T10:09:00.000+02:00;2.7333333;180
15050002[D10b (KFZ1)];2019-09-07T10:09:00.000+02:00;0.0;0
15050003[D3 (KFZ3)];2019-09-07T10:09:00.000+02:00;17.633333;60
18298006[D6];2019-09-07T10:09:00.000+02:00;0.0;0
18889005[D5.1];2019-09-07T10:09:00.000+02:00;0.0;0
18889004[D4];2019-09-07T10:09:00.000+02:00;0.0;0
18384018[D11b (KFZ11)];2019-09-07T10:09:00.000+02:00;0.0;0
18298007[D7];2019-09-07T10:09:00.000+02:00;0.0;0
18368011[D70a (KFZ7)];2019-09-07T10:09:00.000+02:00;33.7;240
18304028[D21Schleif];2019-09-07T10:09:00.000+02:00;0.0;0
18178005[D20];2019-09-07T10:09:00.000+02:00;0.0;0
18349003[D3 (1)];2019-09-07T10:09:00.000+02:00;0.0;0
18330001[D10a (KFZ1)];2019-09-07T10:09:00.000+02:00;22.0;240
17371002[D2 (KFZ3)];2019-09-07T10:09:00.000+02:00;23.733334;60
17370030[D6];2019-09-07T10:09:00.000+02:00;1.4499999;120
18360001[D1 (KFZ1/FU21)];2019-09-07T10:09:00.000+02:00;10.416666;360
15426003[D3];2019-09-07T10:09:00.000+02:00;0.0;0
18302002[D2 (KFZ1)];2019-09-07T10:09:00.000+02:00;0.0;0
17790012[D12 (KFZ7)];2019-09-07T10:09:00.000+02:00;0.0;0
18889003[D3];2019-09-07T10:09:00.000+02:00;0.0;0
15430080[D38];2019-09-07T10:09:00.000+02:00;3.1;240
17378011[D11];2019-09-07T10:09:00.000+02:00;0.0;0
18384014[D7a (KFZ7)];2019-09-07T10:09:00.000+02:00;35.0;0
15430076[D34];2019-09-07T10:09:00.000+02:00;1.65;120
18889002[D2];2019-09-07T10:09:00.000+02:00;0.0;0
15430079[D37];2019-09-07T10:09:00.000+02:00;2.8999999;240
17414001[D1];2019-09-07T10:09:00.000+02:00;12.65;120
17790015[D15 (KFZ9)];2019-09-07T10:09:00.000+02:00;21.65;300
17400008[D8];2019-09-07T10:09:00.000+02:00;0.0;0
17386018[gs18];2019-09-07T10:09:00.000+02:00;0.0;0
15426004[D4];2019-09-07T10:09:00.000+02:00;0.0;0
18349005[D5 (7)];2019-09-07T10:09:00.000+02:00;0.0;0
15426005[D5];2019-09-07T10:09:00.000+02:00;0.0;0
17407005[D5 (KFZ3)];2019-09-07T10:09:00.000+02:00;0.0;0
17382006[D6 (4)];2019-09-07T10:09:00.000+02:00;95.58333;0
17370027[D3];2019-09-07T10:09:00.000+02:00;1.0833334;60
15430020[D19];2019-09-07T10:09:00.000+02:00;1.5;120
15429004[D4];2019-09-07T10:09:00.000+02:00;0.0;0
15430077[D35];2019-09-07T10:09:00.000+02:00;2.9166667;240
15430012[D11];2019-09-07T10:09:00.000+02:00;97.16667;120
15430078[D36];2019-09-07T10:09:00.000+02:00;2.8999999;240
17372004[D4];2019-09-07T10:09:00.000+02:00;0.0;0
18887006[D20 (KFZ2)];2019-09-07T10:09:00.000+02:00;2.7333333;180
15430018[D17];2019-09-07T10:09:00.000+02:00;0.0;0
15430019[D18];2019-09-07T10:09:00.000+02:00;2.4;120
18349001[D1 (1)];2019-09-07T10:09:00.000+02:00;0.0;0
18364004[D20a (KFZ2)];2019-09-07T10:09:00.000+02:00;6.866667;120
18309002[D2 (KFZ1)];2019-09-07T10:09:00.000+02:00;4.5333333;120
17371001[D1 (KFZ3)];2019-09-07T10:09:00.000+02:00;16.166666;60
18349002[D2 (1)];2019-09-07T10:09:00.000+02:00;0.0;0
17402002[D2 (KFZ1)];2019-09-07T10:09:00.000+02:00;37.45;2040
18889001[D1];2019-09-07T10:09:00.000+02:00;0.0;0
18330005[D2 (KFZ2)];2019-09-07T10:09:00.000+02:00;95.0;180
15430069[D27];2019-09-07T10:09:00.000+02:00;9.8;600
15430006[D5];2019-09-07T10:09:00.000+02:00;0.0;0
15430070[D28];2019-09-07T10:09:00.000+02:00;9.8;600
15430073[D31];2019-09-07T10:09:00.000+02:00;7.1166663;480
17400009[D9];2019-09-07T10:09:00.000+02:00;78.5;240
18894006[D6 (4)];2019-09-07T10:09:00.000+02:00;11.150001;240
18895004[D4 (2)];2019-09-07T10:09:00.000+02:00;3.05;180
15430075[D33];2019-09-07T10:09:00.000+02:00;1.75;120
17378008[D8];2019-09-07T10:09:00.000+02:00;86.73334;180
18983004[D4];2019-09-07T10:09:00.000+02:00;12.166667;120
18303003[D3 (1)];2019-09-07T10:09:00.000+02:00;3.9;120
15430071[D29];2019-09-07T10:09:00.000+02:00;9.5;780
17372003[D3];2019-09-07T10:09:00.000+02:00;0.0;0
15431027[D3 (KFZ2)];2019-09-07T10:09:00.000+02:00;0.0;0
15426002[D2];2019-09-07T10:09:00.000+02:00;0.0;0
17375036[D12];2019-09-07T10:09:00.000+02:00;0.0;0
15430068[D26];2019-09-07T10:09:00.000+02:00;0.0;0
15430011[D10];2019-09-07T10:09:00.000+02:00;24.016666;600
15430067[D25];2019-09-07T10:09:00.000+02:00;2.5;120
15422009[D9];2019-09-07T10:09:00.000+02:00;4.133333;240
15430072[D30];2019-09-07T10:09:00.000+02:00;9.099999;720
17371003[D3 (KFZ3)];2019-09-07T10:09:00.000+02:00;13.6;60
15430074[D32];2019-09-07T10:09:00.000+02:00;7.1166663;480
18349008[D8 (7)];2019-09-07T10:09:00.000+02:00;0.0;0
19902030[D6];2019-09-07T10:09:00.000+02:00;0.0;0
19902026[D2];2019-09-07T10:09:00.000+02:00;0.0;0
18895003[D3 (3)];2019-09-07T10:09:00.000+02:00;1.6833333;60
18349007[D7 (7)];2019-09-07T10:09:00.000+02:00;0.0;0
19902027[D3];2019-09-07T10:09:00.000+02:00;0.0;0
18894004[D4 (2)];2019-09-07T10:09:00.000+02:00;1.9333333;180
18895002[D2 (1)];2019-09-07T10:09:00.000+02:00;9.316667;480
18894005[D5 (3)];2019-09-07T10:09:00.000+02:00;4.05;60
17790013[D13 (KFZ8)];2019-09-07T10:09:00.000+02:00;65.5;360
18888009[D7.3 (KFZ3)];2019-09-07T10:09:00.000+02:00;0.0;0
18349006[D6 (7)];2019-09-07T10:09:00.000+02:00;0.0;0
19902028[D4];2019-09-07T10:09:00.000+02:00;0.0;0
18314002[D20 (KFZ2)];2019-09-07T10:09:00.000+02:00;15.666667;300
18894002[D2 ( 1)];2019-09-07T10:09:00.000+02:00;5.7999997;420
17386004[D4 (4)];2019-09-07T10:09:00.000+02:00;0.0;0
18368012[D70b (KFZ7)];2019-09-07T10:09:00.000+02:00;0.0;0
19072004[D2a (2)];2019-09-07T10:09:00.000+02:00;0.0;0
18894003[D3 (2)];2019-09-07T10:09:00.000+02:00;1.5333333;120
18895001[D1 (1)];2019-09-07T10:09:00.000+02:00;11.3;480
17372002[D2];2019-09-07T10:09:00.000+02:00;0.0;0
17372006[D6];2019-09-07T10:09:00.000+02:00;0.0;0
18436002[D10b];2019-09-07T10:09:00.000+02:00;3.0;60
17372005[D5];2019-09-07T10:09:00.000+02:00;0.0;0
15424005[D5];2019-09-07T10:09:00.000+02:00;3.25;120
18360002[D2 (KFZ2/FU22)];2019-09-07T10:09:00.000+02:00;12.816666;300
17370028[D4];2019-09-07T10:09:00.000+02:00;7.9333334;540
17372007[D7];2019-09-07T10:09:00.000+02:00;0.0;0
18349011[D11 (8)];2019-09-07T10:09:00.000+02:00;0.0;0
15436007[D7];2019-09-07T10:09:00.000+02:00;0.0;0
17399007[D7];2019-09-07T10:09:00.000+02:00;2.5666666;120
18297004[D4 (3)];2019-09-07T10:09:00.000+02:00;0.0;0
18887003[D10b (KFZ1)];2019-09-07T10:09:00.000+02:00;3.7666667;180
18303006[D6 (3)];2019-09-07T10:09:00.000+02:00;36.666668;180
18301004[D4 (3)];2019-09-07T10:09:00.000+02:00;0.0;0
18893008[D200];2019-09-07T10:09:00.000+02:00;0.0;0
18888006[D6 (KFZ2)];2019-09-07T10:09:00.000+02:00;9.433333;660
18888003[D3 (KFZ2)];2019-09-07T10:09:00.000+02:00;7.266667;540
17790016[D16 (KFZ10)];2019-09-07T10:09:00.000+02:00;0.0;0
18370001[D1a (KFZ1)];2019-09-07T10:09:00.000+02:00;10.933333;780
17790003[D3 (KFZ2)];2019-09-07T10:09:00.000+02:00;9.166667;480
15425028[D4];2019-09-07T10:09:00.000+02:00;4.633333;420
19072002[D1a (1)];2019-09-07T10:09:00.000+02:00;0.0;0
18370002[D1b (KFZ1)];2019-09-07T10:09:00.000+02:00;10.566667;600
18370003[D3 (KFZ3)];2019-09-07T10:09:00.000+02:00;54.616665;0
19072003[D2 (2)];2019-09-07T10:09:00.000+02:00;0.0;0
18349010[D10 (6)];2019-09-07T10:09:00.000+02:00;0.0;0
18368008[D60 (KFZ6)];2019-09-07T10:09:00.000+02:00;0.0;0
18890007[D30a (KFZ3)];2019-09-07T10:09:00.000+02:00;17.716667;600
17404004[D4 (2)];2019-09-07T10:09:00.000+02:00;0.0;0
17378004[D4];2019-09-07T10:09:00.000+02:00;0.0;0
17402005[D5 (KFZ3)];2019-09-07T10:09:00.000+02:00;1.0166667;60
17408003[D3 (KFZ2)];2019-09-07T10:09:00.000+02:00;0.8;60
18349009[D9 (7)];2019-09-07T10:09:00.000+02:00;0.0;0
18371008[D40b];2019-09-07T10:09:00.000+02:00;3.0833335;120
18893004[D4 (2)];2019-09-07T10:09:00.000+02:00;0.0;0
18457007[D7 (KFZ4)];2019-09-07T10:09:00.000+02:00;0.16666667;0
18350020[D20 (KFZ5)];2019-09-07T10:09:00.000+02:00;29.183334;360
15429003[D3];2019-09-07T10:09:00.000+02:00;2.8333335;240
19043001[D1 (KFZ1)];2019-09-07T10:09:00.000+02:00;0.0;0
17400004[D4];2019-09-07T10:09:00.000+02:00;8.933333;180
17406003[D3 (2)];2019-09-07T10:09:00.000+02:00;0.0;0
18893005[D5 (3)];2019-09-07T10:09:00.000+02:00;62.333332;60
18391002[D2 (KFZ2)];2019-09-07T10:09:00.000+02:00;1.1666666;60
18894001[D1 ( 1)];2019-09-07T10:09:00.000+02:00;9.416667;540
18300001[D1 (KFZ1)];2019-09-07T10:09:00.000+02:00;0.0;0
18367006[D3c (KFZ3)];2019-09-07T10:09:00.000+02:00;0.0;0
18303009[D9 (4)];2019-09-07T10:09:00.000+02:00;3.0833335;120
18367004[D3a (KFZ3)];2019-09-07T10:09:00.000+02:00;0.0;0
17400001[D1];2019-09-07T10:09:00.000+02:00;0.0;0
18302006[D6 (KFZ2)];2019-09-07T10:09:00.000+02:00;71.816666;0
18303008[D8 (4)];2019-09-07T10:09:00.000+02:00;2.05;120
18383007[D5 (KFZ5)];2019-09-07T10:09:00.000+02:00;6.0;240
18297007[D7 (2)];2019-09-07T10:09:00.000+02:00;0.0;0
18897003[D3 (1)];2019-09-07T10:09:00.000+02:00;0.0;0
17384001[D1];2019-09-07T10:09:00.000+02:00;0.0;0
17382001[D1 (1)];2019-09-07T10:09:00.000+02:00;4.633333;360
18368001[D10a (KFZ1)];2019-09-07T10:09:00.000+02:00;8.233334;420
18820001[D1 (KFZ)];2019-09-07T10:09:00.000+02:00;0.0;0
18893003[D3 (2)];2019-09-07T10:09:00.000+02:00;0.0;0
18368006[D30 (KFZ3,11)];2019-09-07T10:09:00.000+02:00;1.0166667;60
15430066[D24];2019-09-07T10:09:00.000+02:00;0.0;0
18371012[D42];2019-09-07T10:09:00.000+02:00;0.0;0
18301002[D2 (1)];2019-09-07T10:09:00.000+02:00;0.0;0
18309006[D6 (KFZ4)];2019-09-07T10:09:00.000+02:00;52.183334;180
17407003[D3 (KFZ2)];2019-09-07T10:09:00.000+02:00;1.7833333;60
18897014[D14 (1)];2019-09-07T10:09:00.000+02:00;0.0;0
18312007[D11];2019-09-07T10:09:00.000+02:00;1.65;120
15430010[D9];2019-09-07T10:09:00.000+02:00;13.500001;840
19043002[D2 (KFZ3)];2019-09-07T10:09:00.000+02:00;0.0;0
18312005[D14];2019-09-07T10:09:00.000+02:00;37.75;60
17378006[D6];2019-09-07T10:09:00.000+02:00;0.0;0
18303013[D13 (5)];2019-09-07T10:09:00.000+02:00;7.0333333;180
18897018[D18 (5)];2019-09-07T10:09:00.000+02:00;0.0;0
18893001[D1 (1)];2019-09-07T10:09:00.000+02:00;0.8;60
18983003[D3];2019-09-07T10:09:00.000+02:00;2.5;60
18315009[D9 (KFZ2)];2019-09-07T10:09:00.000+02:00;0.0;0
18897019[D19 (5)];2019-09-07T10:09:00.000+02:00;0.0;0
15436001[D1];2019-09-07T10:09:00.000+02:00;8.733334;180
18890015[D80 (KFZ8)];2019-09-07T10:09:00.000+02:00;98.41667;60
18893002[D2 (1)];2019-09-07T10:09:00.000+02:00;19.9;300
18436001[D10a];2019-09-07T10:09:00.000+02:00;0.0;0
18304002[D2];2019-09-07T10:09:00.000+02:00;0.0;0
18457004[D4 (KFZ2)];2019-09-07T10:09:00.000+02:00;6.4333334;240
18304001[D1];2019-09-07T10:09:00.000+02:00;0.0;0
18318004[D4 (KFZ)];2019-09-07T10:09:00.000+02:00;19.716667;420
17378010[D10];2019-09-07T10:09:00.000+02:00;1.6166667;60
17404006[D6 (4)];2019-09-07T10:09:00.000+02:00;0.0;0
18350005[D5 (KFZ6)];2019-09-07T10:09:00.000+02:00;83.25;0
18350003[D3 (KFZ10)];2019-09-07T10:09:00.000+02:00;0.0;0
18303004[D4 (2)];2019-09-07T10:09:00.000+02:00;0.0;0
17406001[D1 (1)];2019-09-07T10:09:00.000+02:00;1.4666666;120
18892004[D4 (2)];2019-09-07T10:09:00.000+02:00;0.0;0
18897017[D17 (5)];2019-09-07T10:09:00.000+02:00;0.0;0
18892005[D5 (2)];2019-09-07T10:09:00.000+02:00;0.0;0
18457003[D3 (KFZ2)];2019-09-07T10:09:00.000+02:00;9.650001;300
18350012[D12 (KFZ8)];2019-09-07T10:09:00.000+02:00;1.8833333;60
18318003[D3 (KFZ)];2019-09-07T10:09:00.000+02:00;0.48333332;0
17399001[D1];2019-09-07T10:09:00.000+02:00;0.5;60
18311002[D2 (KFZ2)];2019-09-07T10:09:00.000+02:00;51.35;540
18303001[D1 (6)];2019-09-07T10:09:00.000+02:00;4.8;300
17399003[D3];2019-09-07T10:09:00.000+02:00;0.0;0
17382009[D9 (3)];2019-09-07T10:09:00.000+02:00;2.6166666;60
18318002[D2 (KFZ)];2019-09-07T10:09:00.000+02:00;1.4833333;120
17404002[D2 (1)];2019-09-07T10:09:00.000+02:00;1.25;120
18369006[D4a (KFZ4)];2019-09-07T10:09:00.000+02:00;62.1;0
17399002[D2];2019-09-07T10:09:00.000+02:00;85.316666;60
17377002[D2];2019-09-07T10:09:00.000+02:00;4.05;240
17427001[D1];2019-09-07T10:09:00.000+02:00;1.5833333;60
18350018[D18 (KFZ4)];2019-09-07T10:09:00.000+02:00;4.95;120
17408001[D1 (KFZ1)];2019-09-07T10:09:00.000+02:00;1.3333334;60
17378007[D7];2019-09-07T10:09:00.000+02:00;0.0;0
18237007[D7];2019-09-07T10:09:00.000+02:00;5.4166665;300
18897015[D15 (4)];2019-09-07T10:09:00.000+02:00;0.0;0
18892003[D3 (1)];2019-09-07T10:09:00.000+02:00;0.0;0
18897016[D16 (4)];2019-09-07T10:09:00.000+02:00;0.0;0
17390008[D5a];2019-09-07T10:09:00.000+02:00;15.716666;60
17390007[D5];2019-09-07T10:09:00.000+02:00;43.85;60
18369011[D50 (KFZ5)];2019-09-07T10:09:00.000+02:00;3.7;180
18309005[D5 (KFZ3)];2019-09-07T10:09:00.000+02:00;0.0;0
18983005[D5];2019-09-07T10:09:00.000+02:00;6.8333335;120
17406002[D2 (1)];2019-09-07T10:09:00.000+02:00;2.3166666;180
17398002[D2];2019-09-07T10:09:00.000+02:00;0.0;0
18392002[D2 (KFZ1)];2019-09-07T10:09:00.000+02:00;10.366667;300
15427003[D3];2019-09-07T10:09:00.000+02:00;17.45;120
15429001[D1];2019-09-07T10:09:00.000+02:00;0.0;0
18361002[D10b (KFZ1)];2019-09-07T10:09:00.000+02:00;1.7;120
15424001[D1];2019-09-07T10:09:00.000+02:00;11.566667;360
17390001[D1];2019-09-07T10:09:00.000+02:00;2.0833335;180
18211001[D10a (KFZ1)];2019-09-07T10:09:00.000+02:00;0.5;60
18897012[D12 (1)];2019-09-07T10:09:00.000+02:00;0.0;0
17392002[D2];2019-09-07T10:09:00.000+02:00;1.6666667;60
18967005[D5];2019-09-07T10:09:00.000+02:00;11.833333;360
18897013[D13 (1)];2019-09-07T10:09:00.000+02:00;0.0;0
18211003[D10c (KFZ1)];2019-09-07T10:09:00.000+02:00;7.666667;420
18330004[D10d (KFZ1)];2019-09-07T10:09:00.000+02:00;5.5;240
18892002[D2 (1)];2019-09-07T10:09:00.000+02:00;0.0;0
18436017[D60a];2019-09-07T10:09:00.000+02:00;2.6666667;180
17427004[D4];2019-09-07T10:09:00.000+02:00;4.65;300
19110001[D10a (KFZ1)];2019-09-07T10:09:00.000+02:00;6.2;540
17378009[D9];2019-09-07T10:09:00.000+02:00;96.73333;180
17400003[D3];2019-09-07T10:09:00.000+02:00;2.9666667;240
18369003[D20c (KFZ2)];2019-09-07T10:09:00.000+02:00;0.0;0
17375037[D13];2019-09-07T10:09:00.000+02:00;0.0;0
17406004[D4 (2)];2019-09-07T10:09:00.000+02:00;3.8166668;300
18303010[D10 (4)];2019-09-07T10:09:00.000+02:00;4.7666664;180
17370026[D2];2019-09-07T10:09:00.000+02:00;51.566666;240
17394001[D1];2019-09-07T10:09:00.000+02:00;7.2999997;420
18300004[D4 (KFZ2)];2019-09-07T10:09:00.000+02:00;0.0;0
17407001[D1 (KFZ1)];2019-09-07T10:09:00.000+02:00;4.5833335;120
17790001[D1 (KFZ1)];2019-09-07T10:09:00.000+02:00;87.13334;180
18897011[D11 (5)];2019-09-07T10:09:00.000+02:00;0.0;0
18888001[D1 (KFZ1)];2019-09-07T10:09:00.000+02:00;1.15;60
18257002[D10b];2019-09-07T10:09:00.000+02:00;4.833333;360
17405003[D3 (2)];2019-09-07T10:09:00.000+02:00;1.9166667;120
18372011[D11 (KFZ5)];2019-09-07T10:09:00.000+02:00;0.0;0
18257004[D10d];2019-09-07T10:09:00.000+02:00;0.0;0
19902025[D1];2019-09-07T10:09:00.000+02:00;0.0;0
18983002[D2];2019-09-07T10:09:00.000+02:00;0.0;0
17402001[D1 (KFZ1)];2019-09-07T10:09:00.000+02:00;3.8833334;600
19902029[D5];2019-09-07T10:09:00.000+02:00;0.0;0
17399010[D10];2019-09-07T10:09:00.000+02:00;3.0;240
18369014[D80 (KFZ8)];2019-09-07T10:09:00.000+02:00;5.9166665;120
17399006[D6];2019-09-07T10:09:00.000+02:00;0.9;60
17403004[D4 (KFZ2)];2019-09-07T10:09:00.000+02:00;0.9166666;60
18384019[D110 (KFZ11)];2019-09-07T10:09:00.000+02:00;3.6666665;180
18897009[D9 (5)];2019-09-07T10:09:00.000+02:00;0.0;0
18257006[D4];2019-09-07T10:09:00.000+02:00;0.0;0
15422003[D3];2019-09-07T10:09:00.000+02:00;13.6;480
18897010[D10 (5)];2019-09-07T10:09:00.000+02:00;0.0;0
18257007[D7];2019-09-07T10:09:00.000+02:00;94.48334;180
15422002[D2];2019-09-07T10:09:00.000+02:00;19.933334;300
15422004[D4];2019-09-07T10:09:00.000+02:00;5.6833334;240
18361003[D20a (KFZ2)];2019-09-07T10:09:00.000+02:00;1.6833333;120
18369025[D110c (KFZ11)];2019-09-07T10:09:00.000+02:00;0.0;0
18330006[D32 (KFZ2)];2019-09-07T10:09:00.000+02:00;39.5;180
18369007[D4b (KFZ4)];2019-09-07T10:09:00.000+02:00;43.0;240
18371009[D6];2019-09-07T10:09:00.000+02:00;3.6499999;240
18890005[D20b (KFZ2)];2019-09-07T10:09:00.000+02:00;13.2;240
18257012[D11c];2019-09-07T10:09:00.000+02:00;0.0;0
18897007[D7 (4)];2019-09-07T10:09:00.000+02:00;0.0;0
18897008[D8 (7)];2019-09-07T10:09:00.000+02:00;0.0;0
18257003[D10c];2019-09-07T10:09:00.000+02:00;1.0;120
18436018[D60b];2019-09-07T10:09:00.000+02:00;2.7333333;180
18369002[D20b (KFZ2)];2019-09-07T10:09:00.000+02:00;11.933333;480
18367002[D10b (KFZ1)];2019-09-07T10:09:00.000+02:00;0.0;0
18369013[D8b (KFZ8)];2019-09-07T10:09:00.000+02:00;40.083332;240
17402003[D3 (KFZ2)];2019-09-07T10:09:00.000+02:00;0.48333332;60
17404005[D5 (3)];2019-09-07T10:09:00.000+02:00;50.86667;0
15427004[D4];2019-09-07T10:09:00.000+02:00;69.333336;120
18301001[D1 (1)];2019-09-07T10:09:00.000+02:00;0.0;0
15425027[D3];2019-09-07T10:09:00.000+02:00;2.2333333;120
17370025[D1];2019-09-07T10:09:00.000+02:00;48.533333;180
17405002[D2 (1)];2019-09-07T10:09:00.000+02:00;4.3;300
18897006[D6 (4)];2019-09-07T10:09:00.000+02:00;0.0;0
18857033[D33 (KFZ3)];2019-09-07T10:09:00.000+02:00;3.9;180
18857032[D32 (KFZ3)];2019-09-07T10:09:00.000+02:00;2.8999999;180
18318006[D6 (KFZ)];2019-09-07T10:09:00.000+02:00;20.266666;60
18257011[D11b];2019-09-07T10:09:00.000+02:00;0.0;0
17790004[D4 (KFZ4)];2019-09-07T10:09:00.000+02:00;68.933334;480
17394002[D2];2019-09-07T10:09:00.000+02:00;40.166668;120
18391001[D1 (KFZ3)];2019-09-07T10:09:00.000+02:00;3.6666665;60
18318005[D5 (KFZ)];2019-09-07T10:09:00.000+02:00;3.733333;60
18372020[D20 (KFZ6)];2019-09-07T10:09:00.000+02:00;4.95;360
15430003[D2];2019-09-07T10:09:00.000+02:00;0.0;0
18257010[D11a];2019-09-07T10:09:00.000+02:00;0.0;0
18257005[D3];2019-09-07T10:09:00.000+02:00;94.96667;180
18257001[D10a];2019-09-07T10:09:00.000+02:00;4.0;300
18457001[D1 (KFZ1)];2019-09-07T10:09:00.000+02:00;0.96666664;60
17790006[D6 (KFZ4)];2019-09-07T10:09:00.000+02:00;16.9;480
18890009[D40a (KFZ4)];2019-09-07T10:09:00.000+02:00;68.96667;240
17399009[D9];2019-09-07T10:09:00.000+02:00;0.0;0
18297003[D3 (3)];2019-09-07T10:09:00.000+02:00;6.016667;420
18237004[D4];2019-09-07T10:09:00.000+02:00;0.0;0
18237003[D3];2019-09-07T10:09:00.000+02:00;6.166667;120
18367010[D30c (KFZ3)];2019-09-07T10:09:00.000+02:00;0.0;0
18361004[D20b (KFZ2)];2019-09-07T10:09:00.000+02:00;0.78333336;60
18367001[D10a (KFZ1)];2019-09-07T10:09:00.000+02:00;0.0;0
18890010[D40b (KFZ4)];2019-09-07T10:09:00.000+02:00;66.2;120
17375035[D11];2019-09-07T10:09:00.000+02:00;0.0;0
17368006[D6];2019-09-07T10:09:00.000+02:00;4.1833334;240
18384007[D3b (KFZ3)];2019-09-07T10:09:00.000+02:00;52.999996;0
17368001[D1];2019-09-07T10:09:00.000+02:00;0.0;0
17368003[D3];2019-09-07T10:09:00.000+02:00;0.0;0
18366001[D10a (KFZ1)];2019-09-07T10:09:00.000+02:00;7.5166664;660
18890013[D70 (KFZ7)];2019-09-07T10:09:00.000+02:00;0.88333327;60
17392003[D3];2019-09-07T10:09:00.000+02:00;0.0;0
18368007[D6 (KFZ6)];2019-09-07T10:09:00.000+02:00;0.0;0
18887009[D20c (KFZ2)];2019-09-07T10:09:00.000+02:00;13.216667;600
17368002[D2];2019-09-07T10:09:00.000+02:00;20.933332;60
17368005[D5];2019-09-07T10:09:00.000+02:00;3.9333332;300
17368004[D4];2019-09-07T10:09:00.000+02:00;3.5666666;240
18890003[D10c (KFZ1)];2019-09-07T10:09:00.000+02:00;0.0;0
18369023[D110a (KFZ11)];2019-09-07T10:09:00.000+02:00;7.1833334;600
18864005[D20c (KFZ2)];2019-09-07T10:09:00.000+02:00;0.0;0
18368005[D3 (KFZ3)];2019-09-07T10:09:00.000+02:00;75.01666;120
15436017[D17];2019-09-07T10:09:00.000+02:00;1.5166667;60
18369001[D20a (KFZ2)];2019-09-07T10:09:00.000+02:00;59.850002;300
15436016[D16];2019-09-07T10:09:00.000+02:00;4.133333;180
17375030[D6];2019-09-07T10:09:00.000+02:00;0.0;0
18369008[D40a (KFZ4)];2019-09-07T10:09:00.000+02:00;1.65;60
18179003[D20 (Video)];2019-09-07T10:09:00.000+02:00;0.0;0
18890017[D140b (KFZ14)];2019-09-07T10:09:00.000+02:00;3.1166668;180
18371011[D41];2019-09-07T10:09:00.000+02:00;0.0;0
18368003[D20a (KFZ2)];2019-09-07T10:09:00.000+02:00;2.6166666;240
17389006[gs6];2019-09-07T10:09:00.000+02:00;0.0;0
19078015[gs15];2019-09-07T10:09:00.000+02:00;0.0;0
17389007[gs7];2019-09-07T10:09:00.000+02:00;0.0;0
19078012[gs12];2019-09-07T10:09:00.000+02:00;0.0;0
17389004[gs4];2019-09-07T10:09:00.000+02:00;0.0;0
18887012[D30a (VD30a)];2019-09-07T10:09:00.000+02:00;19.6;180
18179007[D40 (Video)];2019-09-07T10:09:00.000+02:00;52.350002;180
19078011[gs11];2019-09-07T10:09:00.000+02:00;0.0;0
19078013[gs13];2019-09-07T10:09:00.000+02:00;0.0;0
19078010[gs10];2019-09-07T10:09:00.000+02:00;0.0;0
17389005[gs5];2019-09-07T10:09:00.000+02:00;0.0;0
18179002[D10a (Video)];2019-09-07T10:09:00.000+02:00;21.666666;480
18888007[D7.1 (KFZ3)];2019-09-07T10:09:00.000+02:00;0.0;0
18864006[D40a (KFZ3)];2019-09-07T10:09:00.000+02:00;0.0;0
15425026[D2];2019-09-07T10:09:00.000+02:00;1.8666666;180
18887011[D30 (VD30)];2019-09-07T10:09:00.000+02:00;2.1666667;60
18371002[D10b];2019-09-07T10:09:00.000+02:00;7.6499996;420
18297006[D6 (2)];2019-09-07T10:09:00.000+02:00;27.35;120
19078014[gs14];2019-09-07T10:09:00.000+02:00;0.0;0
18369009[D40b (KFZ4)];2019-09-07T10:09:00.000+02:00;5.6000004;240
18372001[D1 (KFZ1)];2019-09-07T10:09:00.000+02:00;0.0;0
18890001[D10a (KFZ1)];2019-09-07T10:09:00.000+02:00;6.95;240
17375028[D4];2019-09-07T10:09:00.000+02:00;0.0;0
17375025[D1];2019-09-07T10:09:00.000+02:00;0.0;0
15424004[D4];2019-09-07T10:09:00.000+02:00;5.4333334;300
18366013[D110b (KFZ11)];2019-09-07T10:09:00.000+02:00;5.733333;480
18179004[D20a (Video)];2019-09-07T10:09:00.000+02:00;8.333334;60
18828001[D1 (KFZ1)];2019-09-07T10:09:00.000+02:00;0.0;0
18179005[D30 (Video)];2019-09-07T10:09:00.000+02:00;69.950005;60
18366012[D110a (KFZ11)];2019-09-07T10:09:00.000+02:00;5.8833337;540
17388004[DET 4 (4)];2019-09-07T10:09:00.000+02:00;4.0166664;60
17375027[D3];2019-09-07T10:09:00.000+02:00;0.0;0
18350014[D14 (KFZ3)];2019-09-07T10:09:00.000+02:00;9.133333;300
14029002[D10b (KFZ1)];2019-09-07T10:09:00.000+02:00;11.0;660
18350021[D21 (KFZ5)];2019-09-07T10:09:00.000+02:00;13.566667;420
17353003[D3 (1)];2019-09-07T10:09:00.000+02:00;3.3666666;300
15429015[D15];2019-09-07T10:09:00.000+02:00;5.666667;420
18350013[D13 (KFZ3)];2019-09-07T10:09:00.000+02:00;2.7166667;120
18350022[D22 (KFZ10)];2019-09-07T10:09:00.000+02:00;0.0;0
15424003[D3];2019-09-07T10:09:00.000+02:00;34.333332;540
18300002[D2 (KFZ1)];2019-09-07T10:09:00.000+02:00;0.0;0
15429016[D16];2019-09-07T10:09:00.000+02:00;6.333333;540
15427015[D15];2019-09-07T10:09:00.000+02:00;0.0;0
18350007[D7 (KFZ9)];2019-09-07T10:09:00.000+02:00;0.0;0
18384012[D50a (KFZ5)];2019-09-07T10:09:00.000+02:00;8.833333;120
18350011[D11 (KFZ8)];2019-09-07T10:09:00.000+02:00;7.366667;360
18828005[D5 (KFZ3)];2019-09-07T10:09:00.000+02:00;0.0;0
18369024[D110b (KFZ11)];2019-09-07T10:09:00.000+02:00;8.783333;720
18864007[D40b (KFZ3)];2019-09-07T10:09:00.000+02:00;0.0;0
18350016[D16 (KFZ3)];2019-09-07T10:09:00.000+02:00;43.333332;240
18384009[D30a (KFZ3)];2019-09-07T10:09:00.000+02:00;2.5;120
18300003[D3 (KFZ2)];2019-09-07T10:09:00.000+02:00;0.0;0
15427014[D14];2019-09-07T10:09:00.000+02:00;0.0;0
15427006[D6];2019-09-07T10:09:00.000+02:00;17.35;60
17353002[D2 (1)];2019-09-07T10:09:00.000+02:00;4.516667;300
18458006[D6 (KFZ4)];2019-09-07T10:09:00.000+02:00;100.0;0
15430005[D4];2019-09-07T10:09:00.000+02:00;56.53333;0
18349016[D16 (3)];2019-09-07T10:09:00.000+02:00;0.0;0
18890012[D7b (KFZ7)];2019-09-07T10:09:00.000+02:00;29.35;360
15427010[D10];2019-09-07T10:09:00.000+02:00;0.0;0
15427011[D11];2019-09-07T10:09:00.000+02:00;0.0;0
17375034[D10];2019-09-07T10:09:00.000+02:00;0.0;0
15427012[D12];2019-09-07T10:09:00.000+02:00;0.0;0
17375033[D9];2019-09-07T10:09:00.000+02:00;0.0;0
15427013[D13];2019-09-07T10:09:00.000+02:00;0.0;0
15429014[D14];2019-09-07T10:09:00.000+02:00;0.0;0
17397002[D2];2019-09-07T10:09:00.000+02:00;0.0;0
18346001[D1 (KFZ1)];2019-09-07T10:09:00.000+02:00;4.166667;240
18940002[D2 (KFZ2)];2019-09-07T10:09:00.000+02:00;1.5;60
18346002[D2 (KFZ1)];2019-09-07T10:09:00.000+02:00;0.0;0
18940001[D1 (KFZ1)];2019-09-07T10:09:00.000+02:00;64.33333;60
15442004[D1];2019-09-07T10:09:00.000+02:00;1.15;120
19002006[D6 (KFZ4)];2019-09-07T10:09:00.000+02:00;8.166666;360
15442007[D4];2019-09-07T10:09:00.000+02:00;7.95;360
19002002[D2 (KFZ1)];2019-09-07T10:09:00.000+02:00;5.1666665;180
19002001[D1 (KFZ1)];2019-09-07T10:09:00.000+02:00;69.0;180
18885002[D2 (KFZ1)];2019-09-07T10:09:00.000+02:00;38.316666;420
17386019[gs19];2019-09-07T10:09:00.000+02:00;0.0;0
19002007[D7 (KFZ4)];2019-09-07T10:09:00.000+02:00;1.5;120
18349017[D17 (3)];2019-09-07T10:09:00.000+02:00;0.0;0
19002003[D3 (KFZ2)];2019-09-07T10:09:00.000+02:00;4.6666665;180
18948002[D2 (KFZ4)];2019-09-07T10:09:00.000+02:00;0.0;0
18864008[D4a (KFZ4)];2019-09-07T10:09:00.000+02:00;0.0;0
17382008[D8 (3)];2019-09-07T10:09:00.000+02:00;1.0333333;0
18349014[D14 (3)];2019-09-07T10:09:00.000+02:00;0.0;0
15442005[D2];2019-09-07T10:09:00.000+02:00;8.433333;540
17375029[D5];2019-09-07T10:09:00.000+02:00;0.0;0
18302001[D1 (KFZ1)];2019-09-07T10:09:00.000+02:00;0.0;0
18886005[D5];2019-09-07T10:09:00.000+02:00;0.0;0
15442006[D3];2019-09-07T10:09:00.000+02:00;9.45;540
18886004[D4];2019-09-07T10:09:00.000+02:00;0.0;0
18887016[D40c (KFZ4)];2019-09-07T10:09:00.000+02:00;1.3333334;120
15442008[D5];2019-09-07T10:09:00.000+02:00;3.3166666;240
18349015[D15 (3)];2019-09-07T10:09:00.000+02:00;0.0;0
18885001[D1 (KFZ1)];2019-09-07T10:09:00.000+02:00;7.466666;480
18349019[D19 5.1.2];2019-09-07T10:09:00.000+02:00;0.0;0
18178004[D10b (Video)];2019-09-07T10:09:00.000+02:00;0.0;0
18886003[D3];2019-09-07T10:09:00.000+02:00;0.0;0
18312009[D4];2019-09-07T10:09:00.000+02:00;12.583333;540
18312008[D10];2019-09-07T10:09:00.000+02:00;15.099999;360
18436007[D30];2019-09-07T10:09:00.000+02:00;1.9166667;180
18886002[D2];2019-09-07T10:09:00.000+02:00;0.0;0
18457002[D2 (KFZ1)];2019-09-07T10:09:00.000+02:00;8.6;540
18312012[D3];2019-09-07T10:09:00.000+02:00;0.0;0
18887020[D80c (KFZ8)];2019-09-07T10:09:00.000+02:00;0.6666667;60
18312011[D6];2019-09-07T10:09:00.000+02:00;7.4;300
18864003[D20a (KFZ2)];2019-09-07T10:09:00.000+02:00;0.0;0
18885004[D4 (KFZ4)];2019-09-07T10:09:00.000+02:00;3.05;180
18887018[D80a (KFZ8)];2019-09-07T10:09:00.000+02:00;1.8666666;120
18886001[D1];2019-09-07T10:09:00.000+02:00;0.0;0
18888008[D7.2 (KFZ3)];2019-09-07T10:09:00.000+02:00;0.0;0
15436015[D15];2019-09-07T10:09:00.000+02:00;2.0666666;120
18349018[D18 5.2.2];2019-09-07T10:09:00.000+02:00;0.0;0
15436013[D13];2019-09-07T10:09:00.000+02:00;3.1833332;180
18885003[D3 (KFZ1)];2019-09-07T10:09:00.000+02:00;6.2;480
18304005[D5];2019-09-07T10:09:00.000+02:00;0.0;0
18457010[D10 (KFZ6)];2019-09-07T10:09:00.000+02:00;0.0;0
18350015[D15 (KFZ3)];2019-09-07T10:09:00.000+02:00;14.333333;360
18384011[D30c (KFZ3)];2019-09-07T10:09:00.000+02:00;3.5;180
18457008[D8 (KFZ4)];2019-09-07T10:09:00.000+02:00;9.933333;480
18364003[D6 (KFZ6)];2019-09-07T10:09:00.000+02:00;27.116665;0
18945005[D5 (KFZ3)];2019-09-07T10:09:00.000+02:00;20.4;240
15422001[D1];2019-09-07T10:09:00.000+02:00;0.0;0
15425030[D6];2019-09-07T10:09:00.000+02:00;4.6666665;240
18885006[D6 (KFZ4)];2019-09-07T10:09:00.000+02:00;0.0;0
18304003[D3];2019-09-07T10:09:00.000+02:00;0.0;0
19113004[D20b (KFZ2)];2019-09-07T10:09:00.000+02:00;5.3333335;240
19113006[D3a (KFZ3)];2019-09-07T10:09:00.000+02:00;0.0;0
19113002[D10b (KFZ1)];2019-09-07T10:09:00.000+02:00;0.0;0
19113003[D20a (KFZ2)];2019-09-07T10:09:00.000+02:00;2.0;120
19113007[D3b (KFZ3)];2019-09-07T10:09:00.000+02:00;66.833336;120
19113010[D50 (KFZ5)];2019-09-07T10:09:00.000+02:00;32.833336;120
19113001[D10a (KFZ1)];2019-09-07T10:09:00.000+02:00;2.5;120
18891015[D201];2019-09-07T10:09:00.000+02:00;0.0;0
18383002[D10b (KFZ1)];2019-09-07T10:09:00.000+02:00;38.333332;360
14029009[D60 (KFZ6)];2019-09-07T10:09:00.000+02:00;56.333332;180
18312014[D1];2019-09-07T10:09:00.000+02:00;0.9166666;60
18312013[D2];2019-09-07T10:09:00.000+02:00;0.0;0
14029005[D40b (KFZ4)];2019-09-07T10:09:00.000+02:00;0.0;0
18436005[D3];2019-09-07T10:09:00.000+02:00;38.533333;240
17386020[gs20];2019-09-07T10:09:00.000+02:00;0.0;0
18945004[D4 (KFZ2)];2019-09-07T10:09:00.000+02:00;1.3000001;120
18885005[D5 (KFZ4)];2019-09-07T10:09:00.000+02:00;0.88333327;60
18304004[D4];2019-09-07T10:09:00.000+02:00;0.0;0
18315008[D8 (KFZ1)];2019-09-07T10:09:00.000+02:00;0.0;0
18304008[D8];2019-09-07T10:09:00.000+02:00;0.0;0
18828009[D9 (KFZ3)];2019-09-07T10:09:00.000+02:00;0.0;0
18211002[D10b (KFZ1)];2019-09-07T10:09:00.000+02:00;13.666667;840
18317001[D1 (KFZ1)];2019-09-07T10:09:00.000+02:00;0.0;0
18891014[D200];2019-09-07T10:09:00.000+02:00;0.0;0
18532005[D5 (KFZ4)];2019-09-07T10:09:00.000+02:00;58.2;1740
18887017[D80 (KFZ8)];2019-09-07T10:09:00.000+02:00;0.11666666;60
18891013[D13 (6)];2019-09-07T10:09:00.000+02:00;81.88333;240
17386003[D3 (3)];2019-09-07T10:09:00.000+02:00;7.266667;300
18317002[D2 (KFZ2)];2019-09-07T10:09:00.000+02:00;0.0;0
17386001[D1 (1)];2019-09-07T10:09:00.000+02:00;0.0;0
18304009[D9];2019-09-07T10:09:00.000+02:00;0.0;0
17386002[D2 (2)];2019-09-07T10:09:00.000+02:00;0.0;0
18887001[D10 (KFZ1)];2019-09-07T10:09:00.000+02:00;43.266666;480
18828008[D8 (KFZ4)];2019-09-07T10:09:00.000+02:00;0.0;0
18304006[D6];2019-09-07T10:09:00.000+02:00;0.0;0
18458004[D4 (KFZ2)];2019-09-07T10:09:00.000+02:00;0.8333334;60
18458005[D5 (KFZ3)];2019-09-07T10:09:00.000+02:00;1.0666666;60
18316007[D4b];2019-09-07T10:09:00.000+02:00;0.0;0
18316008[D40];2019-09-07T10:09:00.000+02:00;0.0;0
18532002[D2 (KFZ2)];2019-09-07T10:09:00.000+02:00;5.2166667;300
18891012[D12 (6)];2019-09-07T10:09:00.000+02:00;0.0;0
18436014[D80];2019-09-07T10:09:00.000+02:00;0.0;0
17389002[D2];2019-09-07T10:09:00.000+02:00;3.3333335;360
18304007[D7];2019-09-07T10:09:00.000+02:00;0.0;0
18178003[D10a (Video)];2019-09-07T10:09:00.000+02:00;0.0;0
17389001[D1];2019-09-07T10:09:00.000+02:00;1.8166667;240
18945006[D6 (KFZ3)];2019-09-07T10:09:00.000+02:00;13.216667;120
18523009[D4b (KFZ4)];2019-09-07T10:09:00.000+02:00;83.0;0
18523011[D40 (KFZ4)];2019-09-07T10:09:00.000+02:00;0.0;0
18523005[D2 (KFZ2)];2019-09-07T10:09:00.000+02:00;1.3333334;0
18436004[D20b];2019-09-07T10:09:00.000+02:00;2.7666667;180
18304012[D12];2019-09-07T10:09:00.000+02:00;0.0;0
15436014[D14];2019-09-07T10:09:00.000+02:00;3.533333;180
15428002[D2];2019-09-07T10:09:00.000+02:00;0.0;0
18310001[D1 (KFZ1)];2019-09-07T10:09:00.000+02:00;0.05;0
18302007[D7 (KFZ2)];2019-09-07T10:09:00.000+02:00;0.85;60
18316005[D30];2019-09-07T10:09:00.000+02:00;0.0;0
18891011[D11 (3)];2019-09-07T10:09:00.000+02:00;0.0;0
18304011[D11];2019-09-07T10:09:00.000+02:00;0.0;0
18361005[D3 (KFZ3)];2019-09-07T10:09:00.000+02:00;67.53333;60
18532004[D4 (KFZ4)];2019-09-07T10:09:00.000+02:00;43.75;1440
18316006[D4a];2019-09-07T10:09:00.000+02:00;0.0;0
18891010[D10 (3)];2019-09-07T10:09:00.000+02:00;0.0;0
18350002[D2 (KFZ1)];2019-09-07T10:09:00.000+02:00;0.0;0
15428001[D1];2019-09-07T10:09:00.000+02:00;0.0;0
18523008[D4a (KFZ4)];2019-09-07T10:09:00.000+02:00;99.666664;60
15428003[D3];2019-09-07T10:09:00.000+02:00;0.0;0
18523010[D4c (KFZ4)];2019-09-07T10:09:00.000+02:00;0.0;0
15431025[D1 (KFZ1)];2019-09-07T10:09:00.000+02:00;0.0;0
18523006[D3a (KFZ3)];2019-09-07T10:09:00.000+02:00;99.666664;60
18523002[D10b (KFZ1)];2019-09-07T10:09:00.000+02:00;12.333334;720
15431026[D2 (KFZ1)];2019-09-07T10:09:00.000+02:00;0.0;0
18383004[D20b (KFZ2)];2019-09-07T10:09:00.000+02:00;11.0;540
15050001[D10a (KFZ1)];2019-09-07T10:09:00.000+02:00;0.0;0
18523007[D3b (KFZ3)];2019-09-07T10:09:00.000+02:00;0.0;0
18523004[D9 (KFZ1)];2019-09-07T10:09:00.000+02:00;0.0;0
18364005[D20b (KFZ2)];2019-09-07T10:09:00.000+02:00;5.25;300
18312001[D7];2019-09-07T10:09:00.000+02:00;0.0;0
18304010[D10];2019-09-07T10:09:00.000+02:00;0.0;0
18312002[D8];2019-09-07T10:09:00.000+02:00;0.0;0
18312003[D9];2019-09-07T10:09:00.000+02:00;31.998333;180
18890002[D10b (KFZ1)];2019-09-07T10:09:00.000+02:00;8.366667;180
18309003[D3 (KFZ2)];2019-09-07T10:09:00.000+02:00;5.55;300
18316004[D3b];2019-09-07T10:09:00.000+02:00;0.0;0
18316003[D3a];2019-09-07T10:09:00.000+02:00;0.0;0
18532003[D3 (KFZ3)];2019-09-07T10:09:00.000+02:00;71.46667;360
18891009[D9 (8)];2019-09-07T10:09:00.000+02:00;9.583333;360
18891008[D8 (8)];2019-09-07T10:09:00.000+02:00;5.5666666;180
18897005[D5 (2)];2019-09-07T10:09:00.000+02:00;0.0;0
18887005[D10d (KFZ1)];2019-09-07T10:09:00.000+02:00;10.116667;540
18304016[D16];2019-09-07T10:09:00.000+02:00;0.0;0
18365020[D20a (Video)];2019-09-07T10:09:00.000+02:00;20.283335;120
18365023[D30b (Video)];2019-09-07T10:09:00.000+02:00;43.016666;480
17394004[D4];2019-09-07T10:09:00.000+02:00;14.033334;120
17378002[D2];2019-09-07T10:09:00.000+02:00;56.766666;420
17427003[D3];2019-09-07T10:09:00.000+02:00;0.0;0
18330007[D3 (KFZ3)];2019-09-07T10:09:00.000+02:00;0.0;0
18897004[D4 (2)];2019-09-07T10:09:00.000+02:00;0.0;0
17403002[D2 (KFZ1)];2019-09-07T10:09:00.000+02:00;4.1;180
17375032[D8];2019-09-07T10:09:00.000+02:00;0.0;0
15427005[D5];2019-09-07T10:09:00.000+02:00;11.75;180
18891006[D6 (2)];2019-09-07T10:09:00.000+02:00;15.083334;540
17400005[D5];2019-09-07T10:09:00.000+02:00;69.98333;360
18457005[D5 (KFZ3)];2019-09-07T10:09:00.000+02:00;0.26666665;60
17397003[D3];2019-09-07T10:09:00.000+02:00;32.616665;180
18384005[D20c (KFZ2)];2019-09-07T10:09:00.000+02:00;72.66667;720
18308001[D1 (KFZ1)];2019-09-07T10:09:00.000+02:00;10.733334;300
18237008[D8];2019-09-07T10:09:00.000+02:00;3.733333;180
18897002[D2 (1)];2019-09-07T10:09:00.000+02:00;0.0;0
18457009[D9 (KFZ5)];2019-09-07T10:09:00.000+02:00;0.0;0
18384013[D50b (KFZ5)];2019-09-07T10:09:00.000+02:00;3.5;120
17382007[D7 (4)];2019-09-07T10:09:00.000+02:00;0.0;0
18302005[D5 (KFZ4)];2019-09-07T10:09:00.000+02:00;58.36667;0
18891007[D7 (2)];2019-09-07T10:09:00.000+02:00;10.016666;300
18365022[D30a (Video)];2019-09-07T10:09:00.000+02:00;0.0;0
18304013[D13];2019-09-07T10:09:00.000+02:00;0.0;0
18365018[D10a (Video)];2019-09-07T10:09:00.000+02:00;13.633333;60
18304014[D14];2019-09-07T10:09:00.000+02:00;0.0;0
18532001[D1 (KFZ2)];2019-09-07T10:09:00.000+02:00;4.166667;360
18361001[D10a (KFZ1)];2019-09-07T10:09:00.000+02:00;0.9;60
18368002[D10b (KFZ1)];2019-09-07T10:09:00.000+02:00;4.0166664;300
17382010[D10 (3)];2019-09-07T10:09:00.000+02:00;18.3;120
17382004[D4 (2)];2019-09-07T10:09:00.000+02:00;84.23333;300
18897001[D1 (1)];2019-09-07T10:09:00.000+02:00;0.0;0
18350001[D1 (KFZ1)];2019-09-07T10:09:00.000+02:00;4.7333336;120
18371010[D600];2019-09-07T10:09:00.000+02:00;5.1166663;240
15427001[D1];2019-09-07T10:09:00.000+02:00;83.316666;120
17378003[D3];2019-09-07T10:09:00.000+02:00;0.0;0
18891004[D4 (4)];2019-09-07T10:09:00.000+02:00;0.0;0
18383005[D3 (KFZ3)];2019-09-07T10:09:00.000+02:00;0.0;0
18384006[D3a (KFZ3)];2019-09-07T10:09:00.000+02:00;13.0;0
17375026[D2];2019-09-07T10:09:00.000+02:00;0.0;0
18896012[D12 (41)];2019-09-07T10:09:00.000+02:00;0.0;0
18887007[D20a (KFZ2)];2019-09-07T10:09:00.000+02:00;32.466667;720
18311001[D1 (KFZ1)];2019-09-07T10:09:00.000+02:00;1.0;60
18303002[D2 (1)];2019-09-07T10:09:00.000+02:00;1.3000001;60
17408004[D4 (KFZ2)];2019-09-07T10:09:00.000+02:00;0.78333336;60
18891005[D5 (2)];2019-09-07T10:09:00.000+02:00;11.599999;480
17380004[D1];2019-09-07T10:09:00.000+02:00;68.65;240
17380006[D3];2019-09-07T10:09:00.000+02:00;9.533333;420
17380005[D2];2019-09-07T10:09:00.000+02:00;5.7833333;180
17380007[D4];2019-09-07T10:09:00.000+02:00;0.0;0
18457011[D11 (KFZ9)];2019-09-07T10:09:00.000+02:00;0.6333333;60
18945002[D2 (KFZ1)];2019-09-07T10:09:00.000+02:00;1.95;120
18304023[D23];2019-09-07T10:09:00.000+02:00;0.0;0
18365019[D10b (Video)];2019-09-07T10:09:00.000+02:00;19.133333;240
18308002[D2 (KFZ2)];2019-09-07T10:09:00.000+02:00;20.183334;720
18318001[D1 (KFZ)];2019-09-07T10:09:00.000+02:00;0.0;0
18304022[D22];2019-09-07T10:09:00.000+02:00;0.0;0
17391001[D1];2019-09-07T10:09:00.000+02:00;3.3166666;180
17391005[D5];2019-09-07T10:09:00.000+02:00;4.3166666;420
17391007[D7];2019-09-07T10:09:00.000+02:00;5.266667;420
15428004[D4];2019-09-07T10:09:00.000+02:00;0.0;0
18896010[D10 (5)];2019-09-07T10:09:00.000+02:00;22.266666;180
17391003[D3];2019-09-07T10:09:00.000+02:00;0.0;0
18301005[D5 (2)];2019-09-07T10:09:00.000+02:00;79.91667;120
18887010[D20d (KFZ2)];2019-09-07T10:09:00.000+02:00;12.65;660
18301003[D3 (3)];2019-09-07T10:09:00.000+02:00;0.0;0
18891003[D3 (4)];2019-09-07T10:09:00.000+02:00;0.0;0
18297002[D2 (1)];2019-09-07T10:09:00.000+02:00;0.48333332;60
18365025[D40b (Video)];2019-09-07T10:09:00.000+02:00;5.5;120
18896011[D11 (2)];2019-09-07T10:09:00.000+02:00;0.0;0
15436003[D3];2019-09-07T10:09:00.000+02:00;80.6;180
17392004[D4];2019-09-07T10:09:00.000+02:00;48.933334;120
17391009[D9];2019-09-07T10:09:00.000+02:00;83.1;120
17391010[D10];2019-09-07T10:09:00.000+02:00;100.0;0
17391004[D4];2019-09-07T10:09:00.000+02:00;36.649998;60
17391008[D8];2019-09-07T10:09:00.000+02:00;7.1666665;480
18365021[D20b (Video)];2019-09-07T10:09:00.000+02:00;17.45;120
18304018[D18];2019-09-07T10:09:00.000+02:00;0.0;0
18365024[D40a (Video)];2019-09-07T10:09:00.000+02:00;15.333334;180
18309004[D4 (KFZ2)];2019-09-07T10:09:00.000+02:00;4.9833336;360
18310002[D2 (KFZ2)];2019-09-07T10:09:00.000+02:00;30.000002;660
18309001[D1 (KFZ1)];2019-09-07T10:09:00.000+02:00;3.3666666;120
18314003[D30 (KFZ3)];2019-09-07T10:09:00.000+02:00;0.0;0
18237002[D2];2019-09-07T10:09:00.000+02:00;5.8333335;60
18304017[D17];2019-09-07T10:09:00.000+02:00;0.0;0
18303014[D14 (5)];2019-09-07T10:09:00.000+02:00;67.25;180
18350019[D19 (KFZ5)];2019-09-07T10:09:00.000+02:00;7.9333334;420
18896007[D7 (4)];2019-09-07T10:09:00.000+02:00;63.833332;120
17394003[D3];2019-09-07T10:09:00.000+02:00;0.0;0
15425029[D5];2019-09-07T10:09:00.000+02:00;5.733333;420
18891001[D1 (1)];2019-09-07T10:09:00.000+02:00;0.0;0
18317003[D3 (KFZ2)];2019-09-07T10:09:00.000+02:00;0.0;0
18820003[D3 (KFZ)];2019-09-07T10:09:00.000+02:00;0.0;0
18887002[D10a (KFZ1)];2019-09-07T10:09:00.000+02:00;14.033334;420
18896009[D9 (4)];2019-09-07T10:09:00.000+02:00;0.0;0
17391006[D6];2019-09-07T10:09:00.000+02:00;6.0;360
17391002[D2];2019-09-07T10:09:00.000+02:00;4.3333335;240
17397001[D1];2019-09-07T10:09:00.000+02:00;0.0;0
18891002[D2 (1)];2019-09-07T10:09:00.000+02:00;0.0;0
18436011[D8];2019-09-07T10:09:00.000+02:00;0.0;0
17388003[DET 3 (3)];2019-09-07T10:09:00.000+02:00;3.1666665;360
18298002[D2];2019-09-07T10:09:00.000+02:00;0.0;0
18887014[D40a (KFZ4)];2019-09-07T10:09:00.000+02:00;2.6166666;180
17375038[D14];2019-09-07T10:09:00.000+02:00;0.0;0
15428005[D5];2019-09-07T10:09:00.000+02:00;0.0;0
18945003[D3 (KFZ2)];2019-09-07T10:09:00.000+02:00;0.0;0
18366014[D120 (KFZ12)];2019-09-07T10:09:00.000+02:00;3.85;300
18366003[D20 (KFZ2)];2019-09-07T10:09:00.000+02:00;2.25;180
18364002[D2 (KFZ1)];2019-09-07T10:09:00.000+02:00;60.2;600
17398003[D3];2019-09-07T10:09:00.000+02:00;11.033333;120
17407004[D4 (KFZ2)];2019-09-07T10:09:00.000+02:00;1.5;60
17378001[D1];2019-09-07T10:09:00.000+02:00;4.5333333;300
17403001[D1 (KFZ1)];2019-09-07T10:09:00.000+02:00;1.9333333;60
17353004[D4 (2)];2019-09-07T10:09:00.000+02:00;3.85;180
15430016[D15];2019-09-07T10:09:00.000+02:00;0.0;0
18896006[D6 (3)];2019-09-07T10:09:00.000+02:00;2.8000002;180
17790018[D18 (KFZ11)];2019-09-07T10:09:00.000+02:00;21.65;120
17427005[D5];2019-09-07T10:09:00.000+02:00;1.6333334;120
17385004[D4];2019-09-07T10:09:00.000+02:00;26.866665;120
17385005[D5];2019-09-07T10:09:00.000+02:00;31.099998;60
15430015[D14];2019-09-07T10:09:00.000+02:00;0.0;0
17377005[D5];2019-09-07T10:09:00.000+02:00;0.65000004;60
18197002[D4];2019-09-07T10:09:00.000+02:00;1.6666667;120
18436012[D40a];2019-09-07T10:09:00.000+02:00;0.0;0
17392001[D1];2019-09-07T10:09:00.000+02:00;25.483334;120
18303011[D11 (7)];2019-09-07T10:09:00.000+02:00;94.21667;60
17405001[D1 (1)];2019-09-07T10:09:00.000+02:00;1.8166667;120
18364001[D1 (KFZ1)];2019-09-07T10:09:00.000+02:00;66.86667;720
18298001[D1];2019-09-07T10:09:00.000+02:00;0.0;0
15425025[D1];2019-09-07T10:09:00.000+02:00;2.6000001;180
18197004[D5a];2019-09-07T10:09:00.000+02:00;0.0;0
17405004[D4 (2)];2019-09-07T10:09:00.000+02:00;0.8;0
18197003[D5];2019-09-07T10:09:00.000+02:00;42.933334;0
18314001[D10 (KFZ1)];2019-09-07T10:09:00.000+02:00;11.0;300
18237005[D5];2019-09-07T10:09:00.000+02:00;0.65000004;60
17377004[D4];2019-09-07T10:09:00.000+02:00;0.0;0
15430017[D16];2019-09-07T10:09:00.000+02:00;0.0;0
18297005[D5 (2)];2019-09-07T10:09:00.000+02:00;30.849998;180
17377007[D7];2019-09-07T10:09:00.000+02:00;3.2;180
17377008[D8];2019-09-07T10:09:00.000+02:00;1.7666665;120
18896003[D3 (2)];2019-09-07T10:09:00.000+02:00;0.0;0
17377006[D6];2019-09-07T10:09:00.000+02:00;1.5166667;120
18197014[D5b];2019-09-07T10:09:00.000+02:00;3.0333333;120
18350004[D4 (KFZ6)];2019-09-07T10:09:00.000+02:00;76.75;120
18896005[D5 (3)];2019-09-07T10:09:00.000+02:00;34.4;240
17453006[D2d (KFZ2)];2019-09-07T10:09:00.000+02:00;2.5;60
18436008[D70];2019-09-07T10:09:00.000+02:00;0.0;0
17453001[D1a (KFZ1)];2019-09-07T10:09:00.000+02:00;0.0;0
18372010[D10 (KFZ5)];2019-09-07T10:09:00.000+02:00;0.5;60
17453002[D2 (KFZ2)];2019-09-07T10:09:00.000+02:00;0.0;0
17453007[D3 (KFZ3)];2019-09-07T10:09:00.000+02:00;31.066668;180
15427002[D2];2019-09-07T10:09:00.000+02:00;54.65;120
17453005[D2c (KFZ2)];2019-09-07T10:09:00.000+02:00;0.0;0
15424002[D2];2019-09-07T10:09:00.000+02:00;34.733334;720
17453003[D2a (KFZ2)];2019-09-07T10:09:00.000+02:00;57.75;60
15424007[D7];2019-09-07T10:09:00.000+02:00;0.0;0
17372008[D8];2019-09-07T10:09:00.000+02:00;0.0;0
17372009[D9];2019-09-07T10:09:00.000+02:00;0.0;0
18983001[D1];2019-09-07T10:09:00.000+02:00;0.0;0
15438002[D2 (KFZ4)];2019-09-07T10:09:00.000+02:00;43.916668;180
18896001[D1 (1)];2019-09-07T10:09:00.000+02:00;1.9;120
17400011[D11];2019-09-07T10:09:00.000+02:00;67.916664;0
18896002[D2 (1)];2019-09-07T10:09:00.000+02:00;5.133333;300
18330002[D10b (KFZ1)];2019-09-07T10:09:00.000+02:00;3.0;60
17453012[D5a (KFZ5)];2019-09-07T10:09:00.000+02:00;31.266666;300
17453010[D3c (KFZ3)];2019-09-07T10:09:00.000+02:00;0.0;0
17453009[D3b (KFZ3)];2019-09-07T10:09:00.000+02:00;5.3333335;60
18366002[D10b (KFZ1)];2019-09-07T10:09:00.000+02:00;6.4166665;600
17453011[D4a (KFZ4)];2019-09-07T10:09:00.000+02:00;10.0;120
17453008[D3a (KFZ3)];2019-09-07T10:09:00.000+02:00;0.0;0
18887008[D20b (KFZ2)];2019-09-07T10:09:00.000+02:00;38.033333;600
17427002[D2];2019-09-07T10:09:00.000+02:00;14.95;300
17404003[D3 (2)];2019-09-07T10:09:00.000+02:00;1.4666666;120
18299004[D4 (KFZ4)];2019-09-07T10:09:00.000+02:00;0.0;0
17400002[D2];2019-09-07T10:09:00.000+02:00;0.4333333;60
17400010[D10];2019-09-07T10:09:00.000+02:00;0.0;0
18820002[D2 (KFZ)];2019-09-07T10:09:00.000+02:00;0.85;60
17398004[D4];2019-09-07T10:09:00.000+02:00;39.816666;120
17790007[D7 (KFZ6)];2019-09-07T10:09:00.000+02:00;0.0;0
17400007[D7];2019-09-07T10:09:00.000+02:00;0.0;0
18392004[D4 (KFZ2)];2019-09-07T10:09:00.000+02:00;0.0;0
18895007[D200];2019-09-07T10:09:00.000+02:00;5.8666663;240
17353006[D6 (2)];2019-09-07T10:09:00.000+02:00;0.0;0
17790028[D7a (KFZ6)];2019-09-07T10:09:00.000+02:00;0.0;0
18392003[D3 (KFZ2)];2019-09-07T10:09:00.000+02:00;0.0;0
17790025[D25 (KFZ15)];2019-09-07T10:09:00.000+02:00;0.0;0
17353005[D5 (2)];2019-09-07T10:09:00.000+02:00;3.6;180
18372009[D9 (KFZ5)];2019-09-07T10:09:00.000+02:00;0.0;0
19002005[D5 (KFZ3)];2019-09-07T10:09:00.000+02:00;70.5;180
15430008[D7];2019-09-07T10:09:00.000+02:00;1.4000001;60
18316002[D20];2019-09-07T10:09:00.000+02:00;0.0;0
17790024[D24 (KFZ12)];2019-09-07T10:09:00.000+02:00;0.0;0
18316001[D10];2019-09-07T10:09:00.000+02:00;0.0;0
18368004[D20b (KFZ2)];2019-09-07T10:09:00.000+02:00;3.3833332;360
18895005[D5 (2)];2019-09-07T10:09:00.000+02:00;8.683333;480
18895006[D6 (3)];2019-09-07T10:09:00.000+02:00;1.7166667;60
18372005[D5 (KFZ3)];2019-09-07T10:09:00.000+02:00;48.45;180
18372003[D3 (KFZ2)];2019-09-07T10:09:00.000+02:00;0.0;0
18372006[D6 (KFZ4)];2019-09-07T10:09:00.000+02:00;7.7483335;420
17450003[D3];2019-09-07T10:09:00.000+02:00;0.0;0
18350008[D8 (KFZ9)];2019-09-07T10:09:00.000+02:00;0.9;60
18350017[D17 (KFZ4)];2019-09-07T10:09:00.000+02:00;0.6166667;60
18371001[D10a];2019-09-07T10:09:00.000+02:00;11.616667;480
18302004[D4 (KFZ3)];2019-09-07T10:09:00.000+02:00;0.0;0
18237001[D1];2019-09-07T10:09:00.000+02:00;0.0;0
18890004[D20a (KFZ2)];2019-09-07T10:09:00.000+02:00;0.0;0
18890016[D140a (KFZ14)];2019-09-07T10:09:00.000+02:00;8.333334;360
18368010[D7b (KFZ7)];2019-09-07T10:09:00.000+02:00;0.0;0
18197001[D3];2019-09-07T10:09:00.000+02:00;0.8666666;60
18197015[D5c];2019-09-07T10:09:00.000+02:00;0.0;0
15436008[D8];2019-09-07T10:09:00.000+02:00;22.050001;0
17382002[D2 (1)];2019-09-07T10:09:00.000+02:00;7.6333337;420
17353001[D1 (1)];2019-09-07T10:09:00.000+02:00;8.75;360
15429002[D2];2019-09-07T10:09:00.000+02:00;5.8333335;540
15436006[D6];2019-09-07T10:09:00.000+02:00;54.13333;60
17382005[D5 (2)];2019-09-07T10:09:00.000+02:00;0.0;0
15422008[D8];2019-09-07T10:09:00.000+02:00;27.900002;240
15426001[D1];2019-09-07T10:09:00.000+02:00;0.0;0
15422007[D7];2019-09-07T10:09:00.000+02:00;19.0;60
15429005[D5];2019-09-07T10:09:00.000+02:00;67.666664;0
17400012[D12];2019-09-07T10:09:00.000+02:00;0.0;0
15424006[D6];2019-09-07T10:09:00.000+02:00;1.4000001;120
15430009[D8];2019-09-07T10:09:00.000+02:00;12.1;660
17370029[D5];2019-09-07T10:09:00.000+02:00;7.35;540
15438001[D1 (KFZ4)];2019-09-07T10:09:00.000+02:00;73.049995;240
18384016[D7c (KFZ7)];2019-09-07T10:09:00.000+02:00;1.0;60
18828007[D7 (KFZ4)];2019-09-07T10:09:00.000+02:00;0.0;0
18887015[D40b (KFZ4)];2019-09-07T10:09:00.000+02:00;1.5;120
17372001[D1];2019-09-07T10:09:00.000+02:00;0.0;0
18436006[D7];2019-09-07T10:09:00.000+02:00;12.966667;60
18297001[D1 (1)];2019-09-07T10:09:00.000+02:00;7.05;360
19110002[D10b (KFZ1)];2019-09-07T10:09:00.000+02:00;7.4833336;660
18300006[D6 (KFZ3)];2019-09-07T10:09:00.000+02:00;0.0;0
17403003[D3 (KFZ2)];2019-09-07T10:09:00.000+02:00;0.0;0
18350006[D6 (KFZ9)];2019-09-07T10:09:00.000+02:00;0.0;0
18392005[D5 (KFZ3)];2019-09-07T10:09:00.000+02:00;0.0;0
17408002[D2 (KFZ1)];2019-09-07T10:09:00.000+02:00;0.21666665;60
18346003[D3 (KFZ2)];2019-09-07T10:09:00.000+02:00;24.333334;420
18350009[D9 (KFZ7)];2019-09-07T10:09:00.000+02:00;3.533333;300
18948001[D1 (KFZ1)];2019-09-07T10:09:00.000+02:00;1.5;120
18887004[D10c (KFZ1)];2019-09-07T10:09:00.000+02:00;7.9166665;480
18940003[D3 (KFZ3)];2019-09-07T10:09:00.000+02:00;4.0;120
18330003[D10c (KFZ1)];2019-09-07T10:09:00.000+02:00;37.833332;600
19002004[D4 (KFZ3)];2019-09-07T10:09:00.000+02:00;0.0;0
